{
  "accuracy": 0.9655172413793104,
  "best_parameters": {
    "max_depth": 5,
    "max_features": "sqrt",
    "min_samples_leaf": 1,
    "min_samples_split": 2,
    "n_estimators": 100
  },
  "confusion_matrix": {
    "true_negatives": 25,
    "false_positives": 0,
    "false_negatives": 1,
    "true_positives": 3
  },
  "cross_validation_scores": {
    "scores": [
      1.0,
      0.9565217391304348,
      1.0,
      1.0,
      1.0
    ],
    "mean": 0.9913043478260869,
    "std": 0.017391304347826077
  },
  "classification_report": {
    "0": {
      "precision": 0.9615384615384616,
      "recall": 1.0,
      "f1-score": 0.9803921568627451,
      "support": 25.0
    },
    "1": {
      "precision": 1.0,
      "recall": 0.75,
      "f1-score": 0.8571428571428571,
      "support": 4.0
    },
    "accuracy": 0.9655172413793104,
    "macro avg": {
      "precision": 0.9807692307692308,
      "recall": 0.875,
      "f1-score": 0.9187675070028011,
      "support": 29.0
    },
    "weighted avg": {
      "precision": 0.96684350132626,
      "recall": 0.9655172413793104,
      "f1-score": 0.9633922534531053,
      "support": 29.0
    }
  }
}